{
    "loss": 0.02040317432876187,
    "accuracy": 67.9614251272435
}